{
  "view/VoyageType.view.xml": 1733382400458,
  "controller/VoyageDashboard.controller.js": 1733381402584,
  "controller/VoyageType.controller.js": 1733382578522,
  "model/models.js": 1733380882794,
  "controller/VesselType.controller.js": 1733382634371,
  "controller/App.controller.js": 1733380882794,
  "manifest.json": 1733748452984,
  "Component.js": 1733380882786,
  "controller/VoyageType-dbg.controller.js": 1733382578522,
  "controller/VoyageType.controller.js.map": 1733748453399,
  "controller/VoyageDashboard-dbg.controller.js": 1733381402584,
  "controller/VoyageDashboard.controller.js.map": 1733748453399,
  "model/models-dbg.js": 1733380882794,
  "model/models.js.map": 1733748453410,
  "controller/VesselType-dbg.controller.js": 1733382634371,
  "controller/VesselType.controller.js.map": 1733748453395,
  "controller/App-dbg.controller.js": 1733380882794,
  "controller/App.controller.js.map": 1733748453399,
  "Component-dbg.js": 1733380882786,
  "Component.js.map": 1733748453403,
  "Component-preload.js": 1733748453603,
  "Component-preload.js.map": 1733748453603,
  "i18n/i18n.properties": 1733388195438,
  "view/VoyageDashboard.view.xml": 1733381338010,
  "view/VesselType.view.xml": 1733382474995,
  "view/App.view.xml": 1733380882798,
  "css/style.css": 1733380882798,
  "index.html": 1733380882790
}